"","ACCESS_TYP","PARK_NAME","ACRES","Area_HA","geometry"
"1","Open Access","Cheviot Hills Park and Recreation Center",34.169,13.827698843,list(list(c(146843.465047014, 147202.287507532, 147203.212875622, 147201.117994814, 147089.962550874, 147082.875381432, 147030.621098821, 147013.504228483, 146964.274991994, 146964.193423272, 146929.744186937, 146845.577391692, 146793.99680334, 146756.081844381, 146681.100516958, 146620.887760921, 146588.475654592, 146585.814746439, 146586.328903782, 146592.343554158, 146597.291752195, 146597.329359787, 146675.241284322, 146686.038609673, 146686.067541862, 146751.297920345, 146751.306874662, 146785.556919611, 
146785.559464165, 146843.465047014, -439567.433368619, -440068.356578729, -440072.757099275, -440076.436434208, -440152.044683765, -440141.202408859, -440061.261425131, -440053.861742074, -440054.432291792, -440054.433269563, -440047.680742999, -439923.240445342, -439921.832640055, -439925.231554016, -439938.551574021, -439967.541173285, -439912.288468569, -439885.54546023, -439885.04588616, -439879.201831952, -439874.393981826, -439874.364353402, -439812.948853586, -439792.457851371, -439792.413659198, 
-439692.876967773, -439692.863782535, -439644.172828062, -439644.16933529, -439567.433368619)))
"2","Open Access","Franklin Canyon Park",594.314,199.616109313,list(list(c(146712.011461843, 146723.258604565, 146815.877786686, 146815.850162708, 146819.357750788, 146823.941848806, 146822.487817112, 146819.877273811, 146812.975815067, 146812.969719296, 146812.96035798, 146810.075008903, 146809.818900264, 146807.14844722, 146806.823225999, 146806.431258584, 146806.025232665, 146805.605339848, 146805.172733891, 146804.951226148, 146804.726373516, 146804.49818016, 146804.266581557, 146801.556129831, 146801.096486742, 146797.788423336, 146797.419113159, 146785.72975387, 
146780.938184029, 146780.573784379, 146779.583310954, 146778.567184209, 146778.506293962, 146778.447130308, 146778.002071436, 146777.899533403, 146777.800531863, 146777.705068901, 146777.613142427, 146777.28226346, 146777.174741902, 146777.044632818, 146777.039794874, 146777.01211277, 146776.899880807, 146776.803029782, 146776.76023284, 146776.685991899, 146776.658439933, 146776.655520494, 146776.633570597, 146776.628575153, 146776.610807111, 146776.605441194, 146776.569028753, 146776.545250978, 
146776.621968291, 146776.864125191, 146777.267106587, 146777.286637788, 146777.356666229, 146783.526470736, 146786.091322346, 146788.038070895, 146791.061692462, 146791.873408472, 146792.394588868, 146792.327699532, 146792.323298797, 146791.271522403, 146787.383514605, 146784.571995869, 146784.787952637, 146785.874293733, 146786.497877732, 146787.470808141, 146788.285413283, 146792.448611174, 146799.865309346, 146802.080850113, 146803.808741697, 146805.016793072, 146805.197639989, 146805.317700172, 
146803.095667174, 146802.974098357, 146802.876364485, 146802.669164761, 146802.446765245, 146802.209832371, 146801.261913161, 146784.307930734, 146783.911582791, 146783.840734777, 146783.59215403, 146783.37749894, 146783.197236004, 146783.051633844, 146782.940763256, 146782.864788729, 146782.834367828, 146782.827707574, 146782.46933934, 146783.046677825, 146783.205370969, 146784.020695073, 146785.193212292, 146785.96231519, 146786.137312656, 146786.459501529, 146786.689180233, 146788.465548146, 146808.682742811, 
146813.210923191, 146817.45288583, 146821.384057473, 146824.981665078, 146825.427832134, 146828.937853095, 146806.19461008, 146806.188128674, 146799.345423892, 146792.079263537, 146786.314506566, 146763.28335636, 146760.750639784, 146758.922002867, 146757.814048957, 146757.669653725, 146757.624317241, 146757.215340921, 146755.663991583, 146754.298258688, 146753.144820318, 146752.940254781, 146752.49373188, 146752.415355849, 146752.340503807, 146752.187137633, 146751.74929075, 146751.894086744, 146751.824248532, 
146751.792071401, 146751.981882488, 146752.389089172, 146752.919344551, 146752.982316322, 146755.123563939, 146757.631384006, 146760.664897978, 146761.8097794, 146771.06530407, 146775.407193943, 146776.26481115, 146776.48594305, 146778.36327649, 146779.35615075, 146781.629895595, 146759.945797918, 146755.037693024, 146743.508478493, 146743.368598193, 146692.577442803, 146688.198472864, 146687.688876837, 146686.424459735, 146670.52532215, 146576.753752346, 146576.537307477, 146576.525060522, 146561.626868239, 
146557.456560895, 146550.514562125, 146545.406635775, 146540.872014975, 146526.198511738, 146516.277097651, 146488.6121015, 146477.255873308, 146431.356626637, 146402.552965673, 146364.434772093, 146355.970876588, 146351.639888805, 146350.310350233, 146348.302202775, 146348.398446547, 146345.892429761, 146343.774445107, 146343.222921172, 146336.726692327, 146332.857843041, 146331.14576656, 146317.093956928, 146235.638647937, 146265.290087737, 146266.700430974, 146272.755584849, 146300.419761993, 
146303.127342458, 146309.537628297, 146319.420638059, 146320.894731599, 146323.147303658, 146360.528091882, 146365.284688093, 146373.901725207, 146379.050570921, 146380.931067413, 146380.768890843, 146370.030388909, 146364.050238574, 146360.582781092, 146354.164245153, 146302.959572684, 146282.850645889, 146267.487937339, 146265.792758202, 146261.118187007, 146262.892123173, 146261.153186526, 146257.5683334, 146252.373585398, 146248.906050978, 146247.096582091, 146253.177520321, 146257.791080951, 
146259.585906902, 146273.846505978, 146296.071415604, 146351.844908733, 146356.179858205, 146359.840443473, 146372.762757101, 146372.939225176, 146370.055914669, 146365.086837096, 146356.608154482, 146330.991597201, 146327.703009594, 146327.248783456, 146320.786161456, 146313.020309636, 146310.966245254, 146309.471246684, 146305.973075757, 146301.454656903, 146278.794786041, 146274.653999823, 146274.338557281, 146269.816606715, 146242.515244494, 146232.109557822, 146222.734975449, 146220.522731154, 
146220.106228068, 146211.392409024, 146170.861149221, 146158.546376147, 146154.592236987, 146125.127987616, 146119.835498645, 146115.806382922, 146116.984534043, 146121.213757094, 146122.653813818, 146143.167914202, 146150.063541487, 146230.689126635, 146233.822463906, 146236.951204642, 146240.123026172, 146249.635804074, 146267.544220666, 146317.533711916, 146401.852398557, 146596.380100856, 146648.453995529, 146668.842173877, 146686.671503646, 146712.007816524, 146712.011461843, -433272.36790316, 
-433672.539798057, -433674.472710703, -433690.219336854, -433690.310842774, -433732.669571862, -433742.214323466, -433758.449410052, -433773.95411292, -433773.968744757, -433773.989846766, -433782.395130357, -433783.450182659, -433790.073690259, -433790.68611518, -433791.39051548, -433792.087406422, -433792.776383866, -433793.455223051, -433793.792050302, -433794.126746595, -433794.459511897, -433794.792048118, -433798.18207695, -433798.726593054, -433801.968830931, -433802.287333462, -433812.493025451, 
-433816.458508228, -433817.014927329, -433817.999452978, -433819.33167662, -433819.423675871, -433819.516939535, -433820.279665292, -433820.475166375, -433820.672394282, -433820.871449016, -433821.072230588, -433821.890794142, -433822.20508644, -433822.40375617, -433822.637937073, -433822.729498206, -433823.155576205, -433823.585434786, -433823.801697168, -433824.23668605, -433824.431023501, -433824.45409185, -433824.629306304, -433824.672724538, -433824.837448414, -433824.891877941, -433825.332780123, 
-433825.995891026, -433827.446934258, -433828.872690183, -433830.245985847, -433830.291454542, -433831.05297678, -433843.319316107, -433849.405651421, -433855.269063779, -433867.869736863, -433872.653454326, -433878.232994141, -433896.795562043, -433896.874085363, -433904.862954134, -433927.48335976, -433942.374433913, -433950.706430192, -433954.119452339, -433956.604378985, -433959.135316209, -433961.694609425, -433968.307602717, -433980.600588003, -433984.739951179, -433989.199947063, -433993.897486762, 
-433995.214389195, -433999.084018161, -434053.337969455, -434053.818198899, -434054.172150436, -434054.878597627, -434055.580360174, -434056.275823661, -434058.636609118, -434092.322152807, -434094.307310044, -434094.481170885, -434095.217590085, -434095.964605431, -434096.720606686, -434097.484087762, -434098.253646741, -434099.027579642, -434099.544780251, -434099.736031877, -434101.530963079, -434102.946456713, -434103.926255677, -434106.556104373, -434108.985200285, -434110.094890826, -434110.523942073, 
-434110.812249944, -434111.143639, -434112.969305019, -434131.09776165, -434135.448235843, -434140.198069041, -434145.319746276, -434150.783598516, -434151.542080266, -434158.111666949, -434161.458787744, -434161.459723166, -434191.318742974, -434222.634222821, -434230.422848854, -434261.104917059, -434262.301099574, -434263.185121424, -434263.952885277, -434264.018409085, -434264.0843611, -434264.367763896, -434265.825925456, -434267.531122608, -434269.450046291, -434269.884749992, -434270.999415385, 
-434271.226521975, -434271.454755458, -434271.99394988, -434272.630895697, -434273.602435505, -434274.06796578, -434275.785432276, -434277.489774278, -434279.1397529, -434280.481622938, -434280.904145571, -434284.280672129, -434288.58956701, -434294.818791966, -434297.524890031, -434318.837805978, -434329.129324745, -434330.363635989, -434330.799590496, -434333.641313827, -434334.812794879, -434338.08524417, -434413.671178665, -434418.992239809, -434431.192382634, -434431.305723516, -434472.772948925, 
-434476.358375511, -434476.774531151, -434477.808677545, -434490.785369822, -434567.320640952, -434567.97308363, -434568.010000355, -434611.722655025, -434645.664029464, -434698.325493818, -434695.532055711, -434681.608564888, -434661.925121753, -434653.600786464, -434636.263712521, -434625.583931979, -434566.84856561, -434539.656934535, -434499.919828814, -434488.12234463, -434476.282656226, -434466.500050001, -434465.392347063, -434438.511103733, -434420.879880271, -434415.436645137, -434399.487973718, 
-434055.377149076, -433929.440181502, -433928.459010399, -433936.861664613, -433792.295584506, -433812.416233745, -433825.571384011, -433834.989903345, -433849.331573919, -433866.359914498, -433874.90781345, -433881.853088825, -433895.901144861, -433901.141239425, -433941.268596393, -433943.40497008, -433941.890364465, -433936.27712835, -433931.065169905, -433926.310747674, -433898.397880453, -433870.67772581, -433861.356695008, -433852.360764588, -433799.285280641, -433764.795938095, -433722.277459495, 
-433700.369821397, -433677.508673927, -433671.204285043, -433664.523718589, -433661.634097815, -433661.81440247, -433664.297158065, -433670.314900855, -433677.750303497, -433699.683629518, -433723.188572582, -433764.14691481, -433803.548632497, -433861.783658938, -433871.767090222, -433891.893339301, -433926.227208327, -433931.206644943, -433935.243065374, -433935.435841576, -433924.547097436, -433899.504300951, -433890.577016586, -433881.142372645, -433872.561778513, -433867.963248958, -433865.048041814, 
-433851.395426742, -433844.572939281, -433840.351853286, -433830.035550794, -433825.115240186, -433814.147027174, -433805.618134263, -433788.072475992, -433777.297081516, -433762.55824156, -433755.682203497, -433745.861947899, -433730.721243224, -433704.185161255, -433691.586179813, -433678.946932267, -433679.604148023, -433407.519295526, -433276.687314679, -433276.293503413, -433276.20339587, -433276.172870942, -433275.738754297, -433275.594981359, -433273.89571944, -433273.829387689, -433273.763251754, 
-433273.695917399, -433273.494570161, -433273.11636741, -433272.060541266, -433272.069274446, -433272.089198603, -433272.094464408, -433272.096546972, -433272.098369781, -433272.100903709, -433272.36790316)), list(c(145998.896387768, 145999.137620807, 145989.636761447, 145989.629577595, 145989.972605066, 145990.548782558, 145990.728608296, 145992.662199801, 145997.670820622, 145998.896387768, -433145.925599853, -433148.26576115, -433108.290064521, -433106.972442352, -433108.587409005, -433111.072524764, 
-433111.80662036, -433119.599305224, -433139.779906373, -433145.925599853)), list(c(145989.161727959, 145989.484845337, 145989.485141775, 145988.694114966, 145987.3323368, 145987.317491264, 145987.560170947, 145987.786133553, 145987.867584719, 145987.907862771, 145988.388977884, 145988.394050975, 145988.439562691, 145988.456211391, 145986.470605099, 145986.171300542, 145985.662557641, 145965.708927732, 145958.389524422, 145938.501190254, 145909.659274312, 145909.562720818, 145951.868576815, 145987.289275657, 
145987.185138416, 145987.329883906, 145987.423365043, 145987.505480589, 145987.547242013, 145987.560438222, 145987.603120136, 145988.064804298, 145988.425856134, 145988.47466962, 145988.556756173, 145989.161727959, -432781.99412451, -432824.152705622, -432824.190912228, -432824.079461484, -432823.887579384, -432823.885488102, -432856.241651675, -432886.356704713, -432897.215233124, -432902.54387262, -432966.21788085, -432966.888198452, -432972.904454209, -432975.150553179, -432974.272287213, -432962.324701445, 
-432852.065714001, -432815.983183875, -432806.022857782, -432780.515235698, -432750.443706988, -432715.397858832, -432594.13192055, -432577.394529455, -432524.218894636, -432543.04866416, -432555.227824579, -432565.907114673, -432571.345277834, -432573.072084954, -432578.621566074, -432638.868732714, -432685.979647629, -432692.346169152, -432703.057656014, -432781.99412451)), list(c(146166.676491429, 146135.312794392, 146135.461169449, 146135.454452787, 146135.706846218, 146135.167196952, 146135.073186548, 
146134.44284067, 146134.378906191, 146134.315900897, 146134.224992141, 146134.128520248, 146134.087843161, 146133.998336889, 146132.708358559, 146131.388446194, 146131.243060306, 146130.844667857, 146129.199015308, 146128.939602638, 146128.638004766, 146128.308898929, 146125.72990649, 146123.391137569, 146121.323983956, 146121.168138702, 146117.678852284, 146117.008105831, 146116.645946589, 146116.740565274, 146117.290009109, 146117.378946493, 146118.206933901, 146118.159926869, 146118.301714396, 
146118.408673608, 146121.018989042, 146120.481573921, 146115.996592225, 146115.634711932, 146118.449293991, 146131.671606789, 146134.493403106, 146136.880871261, 146143.937550521, 146148.848496707, 146178.421935102, 146183.570315837, 146186.231485738, 146186.040189488, 146177.417256405, 146177.175770175, 146187.435683265, 146194.598569631, 146198.538406941, 146241.094632833, 146255.196097783, 146272.34180081, 146284.652117113, 146309.844724173, 146315.059202567, 146316.441986517, 146301.990014989, 
146298.268554166, 146285.965090575, 146280.175896495, 146225.582215231, 146214.077523034, 146188.936667304, 146175.122399868, 146173.461341896, 146177.045818564, 146175.020471841, 146175.189522559, 146179.526475784, 146187.798685124, 146192.143877416, 146192.8547506, 146166.676491429, -432525.017444178, -432525.955474171, -432522.89274762, -432522.677811554, -432521.097557575, -432519.761126483, -432519.139767171, -432516.608550687, -432516.401013186, -432516.209261648, -432515.93596416, -432515.650078372, 
-432515.545891013, -432515.315878906, -432512.503522904, -432510.403122455, -432510.043077076, -432509.638953236, -432507.678631201, -432507.343825012, -432507.040266547, -432506.781480726, -432504.444935685, -432501.767082465, -432498.783864339, -432498.489544021, -432490.131633081, -432487.067847038, -432483.263032692, -432479.438458198, -432475.673032756, -432475.321561541, -432473.016629925, -432470.948274104, -432470.082517525, -432465.684863883, -432463.858393973, -432447.284909321, -432430.049516946, 
-432420.927447138, -432412.894628628, -432395.658179446, -432388.447354493, -432361.126340379, -432333.086149553, -432325.816040091, -432293.337698469, -432285.427382797, -432275.353766059, -432269.528792806, -432246.963501232, -432238.939099113, -432215.397289982, -432188.388152475, -432184.20865233, -432177.915555605, -432169.318451153, -432148.298850156, -432122.529960813, -432095.708550199, -432104.602803094, -432115.552898188, -432168.095634912, -432176.100694587, -432190.255189278, -432199.615148563, 
-432318.388760857, -432336.985790156, -432393.517222931, -432434.390969058, -432446.202781323, -432464.047785182, -432464.926146409, -432468.020161986, -432478.832167887, -432490.685527051, -432500.646358551, -432524.234538092, -432525.017444178)), list(c(147009.146121247, 147033.179708556, 147046.914663267, 147062.951592326, 147074.694844485, 147091.000272933, 147136.481732851, 147135.345285884, 147207.375214811, 147260.085573708, 147254.512264042, 147245.163955522, 147213.347160302, 147163.988167413, 
147144.975146689, 147075.038920563, 147065.663971701, 146974.646855167, 146950.114064186, 146959.854039212, 146928.668308905, 146820.955613865, 146797.317655931, 146805.024956156, 146855.048500772, 146866.779342743, 146687.757326573, 146576.890281135, 146577.136114656, 146445.025444966, 146311.844845129, 146313.915781527, 146514.14794697, 146516.126305918, 146706.39745142, 146706.401314594, 146651.588989276, 146515.505127249, 146513.999488852, 146513.995976736, 146334.891670203, 146312.846765261, 
146312.645091533, 146312.48754017, 146312.183711205, 146312.043729737, 146311.963574625, 146311.839225706, 146311.777772672, 146274.392519853, 146256.563813584, 146211.152363565, 146210.8753818, 146210.064191865, 146206.643673601, 146199.402526336, 146194.004704474, 146189.973680872, 146186.652439688, 146186.232954174, 146200.046341995, 146224.252499629, 146236.892496442, 146292.043686949, 146307.242089492, 146313.116578493, 146328.467780483, 146328.216564142, 146325.945964435, 146318.559154165, 
146328.920349233, 146338.057962172, 146346.718963274, 146349.430049299, 146355.14479023, 146409.738267106, 146414.473553752, 146417.582184776, 146420.442669533, 146449.529410591, 146455.377854248, 146458.230248721, 146458.034755512, 146454.652839765, 146443.612005387, 146441.39129221, 146446.800278018, 146446.644998546, 146444.209593127, 146414.209132828, 146387.518704045, 146373.945322488, 146358.039911219, 146354.002546178, 146351.811278233, 146352.262585387, 146337.329897707, 146337.121436762, 
146341.015185887, 146347.001941739, 146359.167248041, 146371.169070313, 146376.839462519, 146384.811603639, 146396.673785848, 146429.25061575, 146492.500949988, 146506.264148102, 146512.435438415, 146515.914280385, 146517.694298186, 146513.041303055, 146504.94748, 146475.98756459, 146463.793698765, 146448.06462944, 146441.500265691, 146437.199271504, 146429.22658891, 146418.074551389, 146391.326287785, 146390.05235679, 146393.943882167, 146409.992394739, 146415.4147353, 146423.389053738, 146427.287175246, 
146430.151157119, 146435.15586374, 146439.178616652, 146449.943471025, 146455.419215345, 146467.350608087, 146477.930928754, 146483.964498388, 146491.707474787, 146502.397303305, 146517.77125559, 146531.770816603, 146542.90900666, 146552.542216769, 146559.41639193, 146562.370999181, 146560.936280291, 146556.529657445, 146536.084205939, 146534.811886033, 146541.607522446, 146571.522957446, 146576.929403458, 146581.822473, 146584.664585864, 146583.254964308, 146577.878629594, 146571.415593413, 146469.655923637, 
146467.515198033, 146467.357465295, 146470.239382907, 146473.207145568, 146500.963837031, 146517.928760117, 146561.121012697, 146567.21346913, 146576.809328647, 146581.492186417, 146596.255038182, 146617.700089321, 146623.550096915, 146633.146246429, 146638.191265323, 146639.97269816, 146638.588579055, 146633.041394799, 146625.098772417, 146624.872120356, 146627.754950869, 146646.388736899, 146655.043374725, 146659.894679205, 146663.546657628, 146666.322491679, 146663.794150632, 146660.419944821, 
146646.974947243, 146646.656547666, 146649.538033277, 146654.416857601, 146676.533162008, 146682.523880864, 146689.79591351, 146694.747947245, 146700.851398716, 146699.458465991, 146694.039341026, 146666.414297461, 146663.185002801, 146661.656450876, 146656.057554237, 146620.914349824, 146618.759642549, 146619.481873449, 146622.344794493, 146634.134737429, 146645.239985552, 146649.403854316, 146659.185785774, 146668.159449718, 146680.45777736, 146701.382207077, 146711.536121129, 146744.180222089, 
146754.774133104, 146767.356542201, 146775.915149516, 146784.750402621, 146792.07296304, 146795.771196615, 146796.38366238, 146805.749917002, 146813.100641277, 146814.694823813, 146811.690676807, 146821.728577128, 146821.954180758, 146820.603224996, 146815.029933353, 146775.780048162, 146932.025131677, 146959.166823383, 146974.655321736, 146991.087834628, 147009.146121247, -430820.369785573, -430820.690442473, -430817.238132262, -430809.684575601, -430801.371775926, -431660.55545167, -431661.367796155, 
-431585.443413693, -431551.996986864, -431606.765262199, -431609.738330232, -431602.358614414, -431649.467630843, -431699.120386975, -431726.958319254, -431769.836717439, -431792.508201176, -431841.860583835, -431849.293722107, -431921.693464398, -431981.791859518, -431991.691142682, -432013.17607209, -432055.443682207, -432092.108765885, -432213.835157856, -432252.368785864, -432439.234192033, -432459.901242307, -432459.942682388, -432522.14342403, -432659.680151366, -432659.913168084, -432860.666407781, 
-432861.172707137, -432861.455663108, -432861.450413215, -432861.437286149, -432660.86393513, -432660.254203329, -432660.239585892, -432660.237791844, -432633.905138028, -432613.339199459, -432573.664265784, -432555.38011824, -432544.920660614, -432528.681472272, -432520.654043202, -432521.780178352, -432522.31727649, -432523.685173193, -432523.693489423, -432497.456152939, -432487.166917226, -432477.380593083, -432465.710096607, -432463.72118773, -432450.948982963, -432438.940365684, -432397.268107221, 
-432342.64591205, -432323.96806851, -432202.469322347, -432184.233962232, -432172.593954223, -432117.742102993, -432108.301678623, -432099.604930541, -432086.451653063, -432068.106443141, -432038.080770732, -431961.534384609, -431950.401521535, -431939.238231365, -431867.067444967, -431853.357869812, -431824.3318414, -431818.138072032, -431795.342786816, -431788.52073629, -431780.093466742, -431773.904873902, -431765.635048456, -431756.408231207, -431752.420388267, -431732.869761806, -431727.161514706, 
-431720.682838616, -431678.397596639, -431650.294670397, -431643.532913241, -431642.976015854, -431641.040268155, -431637.036639261, -431621.709282792, -431585.615588366, -431580.534711707, -431576.371680082, -431576.268783903, -431583.797926873, -431603.275314772, -431609.118180431, -431614.064537243, -431617.703692795, -431617.722579909, -431651.776645436, -431651.334432091, -431646.936697269, -431642.213582428, -431631.354877676, -431621.816403738, -431616.345220727, -431606.289719865, -431597.786801556, 
-431578.114853938, -431561.981735619, -431555.825061834, -431550.776521896, -431546.958116631, -431520.855425038, -431512.855586243, -431508.689703521, -431508.177484527, -431505.91799553, -431497.485638124, -431486.67415588, -431483.563077424, -431482.476211838, -431485.25852125, -431500.594408722, -431505.757749687, -431509.423154866, -431507.176472362, -431507.959938808, -431526.2251278, -431534.309108651, -431536.007321318, -431542.497321385, -431542.242218436, -431537.63393456, -431529.187020065, 
-431520.614619851, -431509.351883778, -431501.450637764, -431479.331856625, -431469.381302958, -431462.169389999, -431452.232916062, -431448.779104493, -431443.138842555, -431435.215335949, -431423.267878589, -431415.367482907, -431410.901133704, -431366.298105044, -431362.319680533, -431358.337368912, -431354.297593894, -431353.154696561, -431351.308870052, -431345.79460334, -431316.494650904, -431317.278617699, -431329.209869565, -431332.695872893, -431337.412810905, -431336.729672966, -431334.551959136, 
-431327.033021045, -431318.383754117, -431310.943751684, -431298.793765487, -431288.912832994, -431280.454142614, -431272.483306308, -431268.443803663, -431257.731993461, -431250.112896297, -431243.754421052, -431235.478496662, -431222.157859737, -431207.26259982, -431198.955489327, -431176.679272672, -431168.709361266, -431164.668850025, -431162.50166806, -431160.679046572, -431157.461657395, -431150.210511876, -431139.414112672, -431107.052547557, -431099.077183651, -431089.588505437, -431061.03262573, 
-431054.140735108, -431039.338167411, -431027.002411094, -430981.394109134, -430973.39058919, -430967.45311341, -430962.302972273, -430956.004440268, -430958.593943178, -430962.57207784, -430978.501046344, -430986.876833541, -430993.566492185, -430996.916283648, -431000.639421133, -431029.318027011, -431035.255833577, -431036.958379023, -431034.666630107, -431029.101494275, -431020.158607632, -431007.061493582, -430992.999080186, -430974.914351279, -430951.303320839, -430936.32817132, -430904.531190853, 
-430872.847577618, -430846.279029601, -430837.941873299, -430822.264285762, -430743.481187221, -430748.735720919, -430788.721729383, -430805.35600668, -430814.885454245, -430820.369785573)), list(c(146589.126118892, 146589.340178215, 146628.2408, 146623.053594372, 146624.164931074, 146639.138722361, 146637.451793207, 146634.557907167, 146670.178565879, 146669.62737347, 146756.751385318, 146804.598879808, 146806.923981702, 146807.515430701, 146796.636153272, 146797.043075545, 146799.449894742, 146798.036714568, 
146792.593237531, 146782.308605408, 146780.456662477, 146779.87267514, 146774.200434492, 146770.319063993, 146757.171501398, 146728.720924664, 146715.347252068, 146702.980914036, 146691.875882778, 146676.794612503, 146667.4638755, 146659.765995086, 146651.001241739, 146643.765107027, 146631.076612062, 146621.506534569, 146611.405119981, 146606.37362963, 146603.629328561, 146603.757572831, 146607.244633496, 146643.593564695, 146646.816542375, 146649.446831, 146652.760573098, 146683.563363054, 146685.821754249, 
146679.714145524, 146676.927264365, 146669.988434955, 146651.202810655, 146643.305199997, 146635.650093486, 146631.703591417, 146630.91975995, 146634.227690928, 146650.070975941, 146650.492448491, 146645.771638143, 146640.022102336, 146619.659089616, 146612.810784331, 146610.709304265, 146608.989629441, 146610.273419149, 146614.629163127, 146623.684426665, 146624.859764935, 146624.067836174, 146619.284566794, 146615.353978993, 146592.294292987, 146588.300771652, 146579.687056493, 146572.988358867, 
146566.836667617, 146558.452876638, 146550.493972897, 146509.584077879, 146503.578622156, 146470.718478516, 146464.406951614, 146457.24116705, 146452.344651939, 146453.953059648, 146462.928360607, 146566.394538626, 146569.641679449, 146569.708559864, 146565.922789808, 146530.192170821, 146524.618022947, 146519.874178767, 146521.417156106, 146525.831272129, 146545.0904713, 146547.210898658, 146546.380586891, 146540.568008333, 146533.65454562, 146520.64327179, 146505.294074364, 146499.695269516, 146493.902396967, 
146484.107574339, 146464.544990058, 146446.439583999, 146436.211415696, 146429.818350556, 146419.243277878, 146415.178947465, 146410.41357455, 146407.421950793, 146390.772951535, 146382.545752621, 146376.959723473, 146374.171924956, 146375.439747913, 146378.78203893, 146403.631677698, 146409.47723597, 146419.147566032, 146424.675770909, 146427.763430235, 146436.614876692, 146449.04479368, 146461.927226958, 146470.205757525, 146501.71582085, 146502.870648913, 146501.893959245, 146497.91131528, 146431.633176528, 
146421.785519573, 146397.867160202, 146389.754425187, 146381.507396261, 146371.867407362, 146363.58232813, 146349.010667828, 146334.062854286, 146327.802480781, 146323.030864718, 146321.308942635, 146337.475725629, 146336.925586626, 146339.311043117, 146342.99406992, 146350.119852595, 146356.512500954, 146368.477322434, 146378.609793113, 146407.512225729, 146434.702447646, 146434.757237508, 146429.36704115, 146429.457679853, 146432.956090826, 146443.998184293, 146446.253013822, 146442.320916433, 
146416.538256359, 146411.397332741, 146405.602345814, 146402.454589711, 146399.736794715, 146344.311987855, 146340.298856268, 146334.706124014, 146327.023241629, 146316.917559726, 146312.199261364, 146275.701166619, 146260.294726993, 146242.889601241, 146233.911333346, 146195.877891162, 146188.594544658, 146183.585408778, 146176.379094622, 146167.989784106, 146165.107324336, 146165.509593329, 146174.114572312, 146172.420777032, 146139.905922857, 146132.916882125, 146129.249283315, 146124.780344044, 
146123.472714713, 146121.740663303, 146107.47908328, 146103.651642093, 146104.078827968, 146108.546895265, 146108.992776846, 146111.225730592, 146109.265081218, 146060.694561726, 146043.134930892, 145992.182300958, 145990.541646785, 145987.077647373, 145987.076809979, 146043.417513168, 146096.284343461, 146098.776809342, 146093.571880799, 146109.043149204, 146115.008666422, 146141.499398299, 146138.152646359, 146137.751816864, 146131.363886013, 146132.176329044, 146134.821413597, 146139.885631167, 
146154.690624382, 146191.855375502, 146196.252790555, 146196.709412242, 146186.31433875, 146180.382454026, 146175.627378528, 146186.815703572, 146193.176562658, 146236.769705978, 146218.993229604, 146215.954760668, 146215.512875729, 146210.530620751, 146210.985696868, 146216.763169247, 146225.196767426, 146228.134304473, 146226.804492896, 146220.426475423, 146219.896590593, 146221.70158071, 146221.380594143, 146212.86099502, 146215.099606336, 146212.753469125, 146208.543235943, 146207.284748241, 
146212.005035577, 146220.721107371, 146233.545774941, 146240.517812697, 146247.135524117, 146281.40036332, 146269.156133878, 146286.568961822, 146295.838018523, 146303.20024245, 146303.683146966, 146314.818553967, 146343.942360597, 146353.448841389, 146358.601755415, 146363.666989947, 146365.397449357, 146370.724917647, 146398.466954091, 146446.919551154, 146457.742867163, 146476.655053857, 146487.570228481, 146536.580596002, 146541.088649933, 146589.126118892, -430627.115569655, -430635.926073657, 
-430632.896080017, -430649.441702625, -430658.887239225, -430660.659729813, -430735.611256384, -430779.189365048, -430778.108973749, -430739.716113917, -430743.024690243, -430836.567024046, -430846.645980849, -430865.483899546, -430902.229901679, -430916.539706072, -430928.972342212, -430948.844488472, -430967.138332995, -430987.631162487, -430994.953084786, -431010.571427528, -431018.763111188, -431020.807560061, -431020.269420112, -430994.43051133, -430985.661605993, -430981.966819668, -430981.177536778, 
-430974.686297076, -430964.912775029, -430951.432937158, -430944.588641683, -430941.709526333, -430941.08098446, -430944.387516971, -430952.234238942, -430960.422346769, -430970.754637494, -430976.61261688, -430987.341741019, -431034.785021206, -431041.665474253, -431060.895100837, -431067.543667735, -431100.479518078, -431106.522318108, -431137.69541233, -431142.779200619, -431146.997289099, -431147.579824175, -431150.796556142, -431158.397261437, -431166.814209662, -431174.284271699, -431185.076319899, 
-431213.696230453, -431227.61019871, -431237.834373923, -431243.985635875, -431255.853123226, -431263.139618894, -431267.766795686, -431276.072698819, -431283.237645119, -431292.030285179, -431301.574087303, -431305.590658675, -431313.535152768, -431319.715629093, -431321.77740913, -431321.500124443, -431319.677742685, -431308.263294109, -431303.283106608, -431301.325031766, -431301.588466035, -431304.978592355, -431333.115708048, -431335.204544171, -431338.204299081, -431340.493220019, -431346.452428505, 
-431356.968269937, -431369.347210376, -431379.353888418, -431425.334765865, -431429.298163706, -431433.277873956, -431438.443352537, -431451.61078771, -431457.180044549, -431467.43639883, -431483.382922871, -431490.502712947, -431511.149912112, -431516.153728521, -431522.097124311, -431527.295668, -431527.421875725, -431520.909645528, -431519.344790285, -431503.974154664, -431496.956978751, -431492.00077909, -431493.507421, -431471.318602548, -431467.368060924, -431467.630999493, -431473.133960374, 
-431477.544481895, -431490.20044145, -431493.2431215, -431493.853552289, -431498.220510096, -431505.170700105, -431514.574064358, -431522.61166459, -431528.90602329, -431554.212383833, -431559.191568358, -431563.994317252, -431564.872231893, -431567.706688025, -431588.657457625, -431604.235953857, -431615.413846314, -431620.307844693, -431631.486583787, -431634.400392452, -431636.566439631, -431637.612630853, -431602.692931605, -431600.976489697, -431602.699237077, -431599.944537258, -431592.206419004, 
-431575.297730667, -431568.559511559, -431561.270013079, -431562.769736475, -431567.714407922, -431574.525278239, -431584.795724828, -431624.575767809, -431639.445017221, -431646.042641207, -431651.14353324, -431656.149234621, -431657.982943285, -431657.682770718, -431662.281870208, -431689.469136439, -431728.690383179, -431732.723251368, -431748.738717785, -431753.944579456, -431761.94960865, -431771.364594887, -431779.299936816, -431785.529982323, -431804.293201314, -431810.213402923, -431822.862052573, 
-431851.65434916, -431860.850728965, -431934.174217218, -431941.596121348, -431960.368992904, -432035.017579104, -432065.461805683, -432074.616040807, -432114.491290107, -432145.335430809, -432163.819100502, -432167.097641356, -432172.312630116, -432176.728867748, -432183.659116925, -432211.746728214, -432228.78264407, -432238.277597797, -432249.0793368, -432272.050519135, -432281.05569289, -432317.72397247, -432328.403849095, -432338.225994076, -432358.430363095, -432382.54745704, -432388.700833083, 
-432408.041390954, -432420.162074166, -432432.612261061, -432450.296846913, -432464.612053875, -432465.694156041, -432465.752639837, -432467.198262889, -432467.597882012, -432469.172875882, -432469.223587482, -432469.330707245, -432468.903109415, -432465.646981473, -432245.114103324, -432067.814605571, -432065.703170235, -432007.559725597, -431964.044515447, -431965.557257195, -431958.581365295, -431939.791352823, -431920.555162616, -431907.997355231, -431902.018250241, -431895.944401955, -431887.414608206, 
-431880.881322619, -431877.798960213, -431871.225873978, -431856.606768243, -431843.976470925, -431820.621705774, -431796.903481475, -431755.588950309, -431734.937544269, -431694.126939146, -431682.897527775, -431671.674300407, -431662.417640741, -431645.445940445, -431635.203943723, -431626.563625274, -431617.369781889, -431609.637293595, -431592.132868077, -431577.123812186, -431572.146689389, -431559.607096939, -431542.330025741, -431518.550869269, -431507.420884133, -431499.349590473, -431490.440686611, 
-431480.223072104, -431471.977542196, -431466.548345348, -431466.31632475, -431461.825367295, -431395.821843223, -430799.010649291, -430779.378681887, -430761.524309518, -430735.848221004, -430717.886757193, -430719.603967701, -430732.569928971, -430731.311858361, -430727.958641805, -430721.198269967, -430706.979593059, -430707.728153891, -430702.819818146, -430656.465749957, -430673.933449158, -430672.499147067, -430643.240909974, -430639.643844395, -430627.588872351, -430627.115569655)))
"3","Open Access","Angels Gate Park",70.474,28.5201147942,list(list(c(158289.475440056, 158303.38545283, 158312.75038812, 158318.116733336, 158323.572198468, 158325.306252087, 158323.652165038, 158319.119137611, 158309.603831822, 158283.788731487, 158275.803464998, 158271.88875786, 158280.98664713, 158200.985779884, 158175.637588646, 158124.4424413, 158050.67859125, 157982.436945288, 157864.758307149, 157775.995299965, 157873.526311874, 157928.454064914, 157947.468463574, 157969.795140699, 157977.142558905, 157982.633652953, 158009.572840246, 158009.329107435, 
158012.890609444, 158016.773278142, 158044.411295434, 158053.202098556, 158055.08569691, 158054.777657105, 158061.423494169, 158065.263776519, 158113.413936833, 158126.14731617, 158142.805477147, 158153.209979678, 158262.64572395, 158268.170300991, 158272.248410099, 158273.504895569, 158279.99103678, 158289.475440056, -476568.553050578, -476579.654485439, -476591.429345234, -476601.323287491, -476618.065093758, -476641.009282757, -476653.1224547, -476667.181021405, -476684.562333017, -476709.910315283, 
-476724.569257343, -476726.318819583, -477223.651449932, -477225.090578864, -477212.907247818, -477080.437909296, -476990.616712458, -476954.555491541, -476837.276577722, -476813.851871232, -476564.806120919, -476587.676606663, -476561.591588001, -476576.880977444, -476576.63785792, -476571.887878029, -476463.530680339, -476421.569250558, -476410.537622467, -476404.436910539, -476371.926127274, -476356.230409177, -476347.477954998, -476304.242770971, -476290.897642223, -476286.834681839, -476255.341873656, 
-476248.937907609, -476244.298424691, -476219.190417608, -476261.798695564, -476540.519138258, -476542.658083237, -476547.647230969, -476558.655231142, -476568.553050578), c(158143.843078702, 158192.557923749, 158215.805266553, 158214.589009903, 158208.393270285, 158202.339644005, 158167.510875816, 158143.642401638, 158143.843078702, -476630.59448041, -476676.062989985, -476630.972498846, -476622.441860856, -476610.005441303, -476605.019544787, -476595.155031474, -476628.365044735, -476630.59448041
)))
"4","Open Access","Coldwater Canyon Park",41.807,16.918901154,list(list(c(147572.303314376, 147566.045630913, 147468.635789014, 147446.525081405, 147431.562837691, 147429.593763553, 147388.740578738, 147380.415415213, 147378.818269248, 147378.767925876, 147389.057122788, 147390.578236547, 147398.104447267, 147493.350393798, 147508.257699624, 147514.430068792, 147522.63118869, 147530.812526667, 147536.254672447, 147536.576669642, 147526.100297407, 147527.369135107, 147531.834826928, 147542.355910992, 147559.551649444, 147590.42251768, 147600.420189346, 147613.610889608, 
147619.811213915, 147622.032410691, 147472.741950478, 147403.031989993, 147412.70315729, 147419.064559536, 147417.043518558, 147398.09056386, 147273.151175131, 147244.086591042, 147243.005641189, 147241.787777363, 147247.253362401, 147248.886817065, 147247.535776263, 147260.535487703, 147261.91084359, 147266.211983587, 147270.713116601, 147280.342318668, 147325.502574705, 147339.834323632, 147348.604447552, 147349.442000141, 147345.958646593, 147338.168159971, 147338.807778776, 147322.8368016, 147310.306290856, 
147298.555865193, 147290.928374794, 147268.926508932, 147262.892938911, 147256.694010232, 147252.100558352, 147247.577002389, 147247.568860569, 147244.190804801, 147239.58319055, 147213.233476135, 147201.179058917, 147190.264610104, 147180.720837046, 147166.081692429, 147151.438922413, 147137.611493142, 147090.728089312, 147090.215967234, 147011.895769738, 147013.157847056, 147007.168781293, 146984.151196725, 146980.877841821, 146961.130200886, 146947.131330514, 146933.563809557, 146916.171620898, 
146903.940059802, 146892.93912897, 146885.574323561, 146867.46327094, 146862.391778557, 147084.947389428, 147084.775376767, 147085.291412857, 147264.020291957, 147572.303314376, -430391.873204363, -430412.060064869, -430396.976923455, -430395.673485088, -430395.256606839, -430400.158112417, -430399.41552748, -430401.783553946, -430403.260863622, -430406.957556975, -430482.391877073, -430483.330142997, -430479.244901927, -430457.357579575, -430456.868167629, -430458.639288026, -430463.448255196, -430472.097267206, 
-430486.078280097, -430495.039149567, -430543.66406254, -430552.052156896, -430558.521395033, -430563.873743832, -430564.398056917, -430555.469597801, -430555.069479209, -430560.726909146, -430567.500038602, -430573.440516289, -430661.995401279, -430676.022554241, -430697.920539628, -430741.893704555, -430774.842024211, -430810.440209199, -430846.271412478, -430811.190209203, -430808.221010198, -430802.211222563, -430785.887725276, -430772.817085441, -430760.071167994, -430760.628248716, -430771.794808455, 
-430778.92594582, -430783.162339057, -430786.948894447, -430788.676509828, -430781.010112712, -430767.429640356, -430757.809455643, -430751.3930275, -430746.211050906, -430742.500802995, -430688.008536765, -430686.095612946, -430677.597431171, -430674.749812595, -430674.373459008, -430672.49248046, -430668.694627447, -430663.27775685, -430663.962723054, -430633.007958846, -430625.523666595, -430622.417919937, -430621.924136241, -430618.38140833, -430612.720571055, -430611.990997427, -430616.50233165, 
-430627.825929923, -430633.288383343, -430635.888598404, -430654.740517798, -430650.66563573, -430751.135847428, -430751.336874127, -430718.189915485, -430711.239057359, -430621.80832552, -430593.047668669, -430576.323964808, -430561.006375664, -430553.339513219, -430548.797473939, -430542.876813073, -430534.442282817, -430468.683182682, -430424.890564115, -430379.687303921, -430379.70020239, -430384.167581918, -430391.873204363)))
"5","Open Access","Hancock Park",23.098,9.34742016669,list(list(c(151869.125818232, 151846.906738894, 151843.516811409, 151652.618040056, 151621.121358426, 151612.98420069, 151509.479933276, 151499.45980883, 151461.449047281, 151457.447599638, 151461.597378929, 151863.678432773, 151866.982969916, 151870.133851817, 151869.125818232, -437840.075010654, -437905.115883673, -437907.77843483, -437906.65309318, -437902.863014721, -437893.379481742, -437881.258423952, -437888.544378468, -437884.102572934, -437674.548253795, -437672.977978473, -437664.912484522, 
-437668.934225458, -437834.536365621, -437840.075010654)))
"6","Open Access","MacArthur Park",31.716,12.8349766543,list(list(c(159231.293588602, 159070.409166421, 158747.536660103, 158910.800978973, 159231.293588602, -438119.409583782, -438436.522233559, -438268.761624554, -437955.161221761, -438119.409583782)))
"7","Open Access","Runyon Canyon Park",133.203,53.9056460231,list(list(c(152208.876337922, 152175.665994156, 152105.092709133, 152101.059334689, 152091.607132612, 152082.948351034, 152065.190747528, 152066.081243846, 152102.616618902, 152069.821189204, 152076.034759958, 152130.640732701, 152155.988424593, 152207.836980842, 152259.921641164, 152288.891884389, 152340.948867081, 152346.56398527, 152465.130733763, 152465.686042992, 152425.75435632, 152428.672628033, 152443.718273626, 152444.348862869, 152444.951192602, 152447.498803874, 152409.513838909, 152407.893479531, 
152379.414231083, 152357.611110721, 152357.674719776, 152330.497601795, 152361.465356083, 152361.937877593, 152044.850009209, 152044.602479014, 152076.116897121, 152068.988833044, 152099.009832873, 152004.37892193, 151952.716375234, 151952.704641983, 151938.300602472, 151936.460877783, 151933.282887047, 151929.98402092, 151929.980536717, 151929.976967762, 152133.203792763, 152133.372817067, 152208.876337922, -431794.069087371, -431820.158453788, -431820.035449239, -431834.503006937, -431852.724367426, 
-431865.081941182, -431882.188797267, -431883.771126819, -431886.463482105, -431905.550799475, -431933.025988155, -431983.580899851, -431993.827102372, -432107.621815885, -432142.276017206, -432117.892466633, -432151.377229422, -432384.747796114, -432383.770705147, -432436.777014723, -432439.112575587, -432629.837369002, -432631.665759302, -432663.502239706, -432693.911985686, -432822.532917958, -432780.23968005, -432780.338670146, -432886.749825946, -432888.67416118, -432927.558279328, -433046.946937307, 
-433117.413657982, -433165.434434589, -433168.179304425, -433159.215394265, -433157.882323666, -433107.411947253, -432981.423481611, -432789.542032916, -432772.684254216, -432772.39641532, -432419.038028781, -432373.906095687, -432253.35440375, -432128.217508849, -432128.085341525, -432127.949959296, -431707.306508926, -431707.500304238, -431794.069087371), c(152081.058093038, 152095.945481518, 152108.274981862, 152121.291595862, 152137.249913496, 152161.590482493, 152178.343843456, 152181.381162602, 
152184.152232909, 152190.548906146, 152192.851178415, 152191.607995157, 152186.361050331, 152189.882396786, 152171.441736402, 152164.990703355, 152163.730773125, 152168.121896193, 152166.694452511, 152160.112096819, 152139.95379848, 152135.743627059, 152118.128143215, 152072.163241459, 152074.78870394, 152070.645680254, 152070.853959839, 152074.587632398, 152081.058093038, -432364.280419744, -432369.994626786, -432369.638780503, -432364.237825323, -432363.730667648, -432372.889291826, -432374.257795961, 
-432367.440188802, -432367.067794801, -432361.892590702, -432349.649600058, -432342.955766483, -432333.252844493, -432327.807989023, -432302.678343661, -432287.793622912, -432278.839679503, -432260.291511956, -432248.412232461, -432237.260276804, -432220.57651585, -432213.630681027, -432150.651223152, -432163.959548706, -432348.507708581, -432351.485804584, -432353.614831731, -432359.030634133, -432364.280419744)), list(c(151904.711457293, 151913.82722909, 151926.799587293, 151927.265439114, 151929.473703922, 
151954.69299549, 151956.846349926, 151962.488529115, 151970.984485629, 151978.850042509, 151990.711926155, 152004.460436435, 152018.284114261, 152026.478164243, 152037.628470544, 152073.526309956, 152073.774122884, 151928.906008919, 151928.860009245, 151925.050480202, 151728.236357188, 151723.619915439, 151729.776023408, 151737.071749724, 151743.690100537, 151747.552782618, 151749.505032846, 151747.138059924, 151742.927341597, 151736.013208417, 151728.812743025, 151725.808778727, 151725.628011725, 
151727.647356469, 151745.764272468, 151749.048190593, 151748.670970378, 151743.390893227, 151731.584900534, 151725.412725138, 151724.163122179, 151724.836836376, 151720.594044634, 151720.949389351, 151786.173637659, 151780.509343733, 151809.873547898, 151810.543864678, 151806.041367403, 151813.480251545, 151812.523575805, 151813.494613489, 151820.023914111, 151827.760946019, 151882.659509691, 151890.944384655, 151896.810601674, 151904.711457293, -431598.212030676, -431600.926603825, -431600.600949608, 
-431614.226409877, -431619.398572633, -431660.804737011, -431699.098549168, -431710.249824078, -431717.214707963, -431720.057477653, -431719.695587278, -431715.298194975, -431714.837591676, -431716.610618312, -431722.301914342, -431759.992226604, -431760.252413479, -432060.871389368, -432059.823630841, -431973.052003709, -431975.944849965, -431794.981371536, -431801.535809542, -431803.446243385, -431800.927437145, -431796.700435427, -431791.646466783, -431782.213045866, -431776.724697902, -431771.682272385, 
-431769.713279773, -431766.841955723, -431761.863479783, -431758.807827022, -431748.014829415, -431740.879880525, -431735.168263545, -431729.574658115, -431727.681267161, -431722.8001033, -431714.738902095, -431703.304841679, -431694.927224966, -431672.967830551, -431683.901594804, -431723.000272983, -431717.477963662, -431715.738272785, -431706.323754358, -431702.355743795, -431692.085361111, -431688.052377619, -431673.958432267, -431663.636402506, -431619.622021428, -431610.708766866, -431599.458829203, 
-431598.212030676)))
"8","Open Access","Rio de Los Angeles State Park State Recreation Area",54.853,22.1982281872,list(list(c(163040.14474248, 162822.93571463, 162780.692929259, 162745.654397696, 162713.496477756, 162525.527103037, 162473.219372019, 162710.011420577, 163040.14474248, -433874.729139307, -434034.543636327, -433997.80991549, -433961.90385169, -433923.91764641, -433668.411677283, -433594.918137145, -433421.544292797, -433874.729139307)), list(c(162283.174655714, 162213.01455187, 162213.733331165, 162212.557134659, 162204.838575905, 162195.757681208, 162185.724837942, 162173.81940904, 162155.716969154, 
162115.847458943, 162085.506710977, 162044.14720836, 161997.728481536, 161978.146933661, 161926.930374422, 161747.321089883, 161777.191004932, 161761.881647327, 161775.731242492, 161775.584655619, 161777.307873824, 161774.332662972, 161748.975444527, 161757.691317141, 161837.493290974, 161873.539557179, 161908.102839602, 162144.522613859, 162165.500605873, 162190.688155031, 162222.759593885, 162242.342146445, 162283.174655714, -433206.440111774, -433268.640846921, -433193.488336908, -433154.765966062, 
-433100.959730997, -433063.2482068, -433033.199593885, -433003.603319764, -432969.051134361, -432906.301207137, -432865.19434058, -432817.514759755, -432772.969246323, -432756.39395973, -432717.933603483, -432602.456108118, -432472.67094108, -432426.778395624, -432420.704837396, -432414.429604805, -432412.097196085, -432408.347270143, -432297.182373955, -432290.833938484, -432477.384046873, -432542.531921093, -432592.562078841, -432894.469593618, -432924.852517119, -432967.018030093, -433032.203132509, 
-433083.625847546, -433206.440111774)))
